CREATE TABLE YELP_USER
( YELP_ID VARCHAR(4)
, EMAIL VARCHAR(50)
, FIRST_NAME VARCHAR(15)
, LAST_NAME VARCHAR(15)
, DOB DATE
, BIRTHPLACE VARCHAR(20)
, GENDER CHAR
, PROFILE_PIC VARCHAR(20)
, PRIMARY KEY(YELP_ID)
);

CREATE TABLE YELP_USER_FRIEND_LIST
( YELP_ID VARCHAR(4)
, FRIEND VARCHAR(4)
, PRIMARY KEY(YELP_ID, FRIEND)
, FOREIGN KEY(YELP_ID) REFERENCES YELP_USER ON DELETE CASCADE
);

CREATE TABLE YELP_USER_COMPLIMENT
( YELP_ID VARCHAR(4)
, COMPLEMENTED_FRIEND VARCHAR(4)
, PRIMARY KEY(YELP_ID, COMPLEMENTED_FRIEND)
, FOREIGN KEY(YELP_ID) REFERENCES YELP_USER ON DELETE CASCADE
);

CREATE TABLE YELP_USER_BUSINESS
( YELP_ID VARCHAR(4)
, CHECKED_IN_BUSINESS VARCHAR(4)
, PRIMARY KEY(YELP_ID, CHECKED_IN_BUSINESS)
, FOREIGN KEY(YELP_ID) REFERENCES YELP_USER ON DELETE CASCADE
);

CREATE TABLE BUSINESS
( BUSINESS_ID VARCHAR(4)
, BUSINESS_NAME VARCHAR(50)
, AMBIENT_TYPE VARCHAR(20)
, ADDRESS_STREET VARCHAR(50)
, ADDRESS_CITY VARCHAR(20)
, ADDRESS_STATE VARCHAR(2)
, ADDRESS_ZIPCODE INTEGER
, BUSINESS_CATEGORY VARCHAR(4)
, PRIMARY KEY(BUSINESS_ID)
);
 
CREATE TABLE BUSINESS_DAYS_OF_OP
( BUSINESS_ID VARCHAR(4)
, DAYS VARCHAR(4)
, PRIMARY KEY(BUSINESS_ID, DAYS)
, FOREIGN KEY(BUSINESS_ID) REFERENCES BUSINESS ON DELETE CASCADE
);

CREATE TABLE REVIEWS
( REVIEW_ID VARCHAR(4)
, STARS INTEGER
, YELP_ID VARCHAR(4)
, PUB_DATE DATE
, BUSINESS_ID VARCHAR(4)
, PRIMARY KEY(REVIEW_ID)
, FOREIGN KEY(YELP_ID) REFERENCES YELP_USER
, FOREIGN KEY(BUSINESS_ID) REFERENCES BUSINESS ON DELETE CASCADE
);

CREATE TABLE REVIEW_COMMENTS
( REVIEW_ID VARCHAR(4)
, COMMENTS VARCHAR(50)
, TEXTUAL_CONTENT VARCHAR(50)
, COMMENT_DATE DATE
, PRIMARY KEY(REVIEW_ID, COMMENTS)
, FOREIGN KEY(REVIEW_ID) REFERENCES REVIEWS ON DELETE CASCADE
);

CREATE TABLE BUSINESS_CATEGORY
( BUSINESS_CATEGORY_ID VARCHAR(4)
, BUSINESS_CATEGORY_NAME VARCHAR(50)
, PRIMARY KEY(BUSINESS_CATEGORY_ID)
);

CREATE TABLE BUSINESS_CATEGORY_SUBCATEGORY
( BUSINESS_CATEGORY_ID VARCHAR(4)
, SUBCATEGORY VARCHAR(50)
, PRIMARY KEY(BUSINESS_CATEGORY_ID, SUBCATEGORY)
, FOREIGN KEY(BUSINESS_CATEGORY_ID) REFERENCES BUSINESS_CATEGORY ON DELETE CASCADE
);

CREATE TABLE CHECK_IN
( CHECK_IN_ID VARCHAR(4)
, INFO VARCHAR(50)
, BUSINESS_ID VARCHAR(4)
, PRIMARY KEY(BUSINESS_ID, CHECK_IN_ID)
, FOREIGN KEY(BUSINESS_ID) REFERENCES BUSINESS ON DELETE CASCADE
);

--YELP_USER
INSERT INTO YELP_USER VALUES('Y1', 'JOHN@YAHOO.COM', 'JOHN', 'SMITH', TO_DATE('12-12-1992', 'dd-mm-yyyy'), 'FL', 'M', NULL);
INSERT INTO YELP_USER VALUES('Y2', 'JUAN@GMAIL.COM', 'JUAN', 'CARLOS', TO_DATE('07-02-1988', 'dd-mm-yyyy'), 'AK', 'M', NULL);
INSERT INTO YELP_USER VALUES('Y3', 'JANE@GMAIL.COM', 'JANE', 'CHAPEL', TO_DATE('01-06-1980', 'dd-mm-yyyy'), 'IL', 'F', NULL);
INSERT INTO YELP_USER VALUES('Y4', 'ADI@YAHOO.COM', 'ADITYA', 'AWASTHI', TO_DATE('12-04-1994', 'dd-mm-yyyy'), 'CA', 'M', NULL);
INSERT INTO YELP_USER VALUES('Y5', 'JAMES@HOTMAIL.COM', 'JAMES', 'WILLIAMS', TO_DATE('05-05-1991', 'dd-mm-yyyy'), 'NY', 'M', NULL);
INSERT INTO YELP_USER VALUES('Y6', 'MIKE@YAHOO.COM', 'MIKE', 'BROWN', TO_DATE('01-03-1988', 'dd-mm-yyyy'), 'NC', 'M', NULL);
INSERT INTO YELP_USER VALUES('Y7', 'BOB@YAHOO.COM', 'BOB', 'JONES', TO_DATE('19-02-1970', 'dd-mm-yyyy'), 'NY', 'M', NULL);
INSERT INTO YELP_USER VALUES('Y8', 'WEI@GMAIL.COM', 'WEI', 'ZHANG', TO_DATE('18-03-1975', 'dd-mm-yyyy'), 'NV', 'F', NULL);
INSERT INTO YELP_USER VALUES('Y9', 'MARK@GMAIL.COM', 'MARK', 'DAVIS', TO_DATE('02-11-1993', 'dd-mm-yyyy'), 'CA', 'M', NULL);
INSERT INTO YELP_USER VALUES('Y10', 'DANIEL@YAHOO.COM', 'DANIEL', 'GARCIA', TO_DATE('10-05-1984', 'dd-mm-yyyy'), 'NJ', 'M', NULL);
INSERT INTO YELP_USER VALUES('Y11', 'MARIA@HOTMAIL.COM', 'MARIA', 'RODRIGUEZ', TO_DATE('12-08-1985', 'dd-mm-yyyy'), 'CA', 'F', NULL);
INSERT INTO YELP_USER VALUES('Y12', 'FREYA@YAHOO.COM', 'FREYA', 'WILSON', TO_DATE('05-10-1995', 'dd-mm-yyyy'), 'NJ', 'F', NULL);

--YELP_USER_FRIEND_LIST
INSERT INTO YELP_USER_FRIEND_LIST VALUES('Y1','Y2');
INSERT INTO YELP_USER_FRIEND_LIST VALUES('Y1','Y7');
INSERT INTO YELP_USER_FRIEND_LIST VALUES('Y1','Y9');
INSERT INTO YELP_USER_FRIEND_LIST VALUES('Y3','Y6');
INSERT INTO YELP_USER_FRIEND_LIST VALUES('Y3','Y11');
INSERT INTO YELP_USER_FRIEND_LIST VALUES('Y3','Y5');
INSERT INTO YELP_USER_FRIEND_LIST VALUES('Y4','Y7');
INSERT INTO YELP_USER_FRIEND_LIST VALUES('Y4','Y11');
INSERT INTO YELP_USER_FRIEND_LIST VALUES('Y6','Y2');
INSERT INTO YELP_USER_FRIEND_LIST VALUES('Y6','Y4');
INSERT INTO YELP_USER_FRIEND_LIST VALUES('Y7','Y1');
INSERT INTO YELP_USER_FRIEND_LIST VALUES('Y7','Y3');
INSERT INTO YELP_USER_FRIEND_LIST VALUES('Y8','Y6');
INSERT INTO YELP_USER_FRIEND_LIST VALUES('Y8','Y1');
INSERT INTO YELP_USER_FRIEND_LIST VALUES('Y9','Y1');
INSERT INTO YELP_USER_FRIEND_LIST VALUES('Y9','Y2');
INSERT INTO YELP_USER_FRIEND_LIST VALUES('Y11','Y3');
INSERT INTO YELP_USER_FRIEND_LIST VALUES('Y11','Y5');
INSERT INTO YELP_USER_FRIEND_LIST VALUES('Y12','Y11');

--YELP_USER_COMPLIMENT
INSERT INTO YELP_USER_COMPLIMENT VALUES('Y1','Y7');
INSERT INTO YELP_USER_COMPLIMENT VALUES('Y1','Y9');
INSERT INTO YELP_USER_COMPLIMENT VALUES('Y3','Y6');
INSERT INTO YELP_USER_COMPLIMENT VALUES('Y4','Y11');
INSERT INTO YELP_USER_COMPLIMENT VALUES('Y6','Y4');
INSERT INTO YELP_USER_COMPLIMENT VALUES('Y7','Y3');
INSERT INTO YELP_USER_COMPLIMENT VALUES('Y8','Y6');
INSERT INTO YELP_USER_COMPLIMENT VALUES('Y9','Y2');
INSERT INTO YELP_USER_COMPLIMENT VALUES('Y11','Y5');
INSERT INTO YELP_USER_COMPLIMENT VALUES('Y12','Y11');

--YELP_USER_BUSINESS
INSERT INTO YELP_USER_BUSINESS VALUES('Y1', 'B3');
INSERT INTO YELP_USER_BUSINESS VALUES('Y1', 'B2');
INSERT INTO YELP_USER_BUSINESS VALUES('Y1', 'B13');
INSERT INTO YELP_USER_BUSINESS VALUES('Y1', 'B35');
INSERT INTO YELP_USER_BUSINESS VALUES('Y1', 'B36');
INSERT INTO YELP_USER_BUSINESS VALUES('Y1', 'B5');
INSERT INTO YELP_USER_BUSINESS VALUES('Y1', 'B4');
INSERT INTO YELP_USER_BUSINESS VALUES('Y1', 'B9');
INSERT INTO YELP_USER_BUSINESS VALUES('Y2', 'B10');
INSERT INTO YELP_USER_BUSINESS VALUES('Y2', 'B5');
INSERT INTO YELP_USER_BUSINESS VALUES('Y2', 'B11');
INSERT INTO YELP_USER_BUSINESS VALUES('Y2', 'B2');
INSERT INTO YELP_USER_BUSINESS VALUES('Y2', 'B36');
INSERT INTO YELP_USER_BUSINESS VALUES('Y2', 'B35');
INSERT INTO YELP_USER_BUSINESS VALUES('Y4', 'B4');
INSERT INTO YELP_USER_BUSINESS VALUES('Y4', 'B11');
INSERT INTO YELP_USER_BUSINESS VALUES('Y4', 'B12');
INSERT INTO YELP_USER_BUSINESS VALUES('Y4', 'B5');
INSERT INTO YELP_USER_BUSINESS VALUES('Y4', 'B36');
INSERT INTO YELP_USER_BUSINESS VALUES('Y4', 'B35');
INSERT INTO YELP_USER_BUSINESS VALUES('Y4', 'B2');
INSERT INTO YELP_USER_BUSINESS VALUES('Y5', 'B6');
INSERT INTO YELP_USER_BUSINESS VALUES('Y5', 'B11');
INSERT INTO YELP_USER_BUSINESS VALUES('Y5', 'B12');
INSERT INTO YELP_USER_BUSINESS VALUES('Y5', 'B5');
INSERT INTO YELP_USER_BUSINESS VALUES('Y5', 'B36');
INSERT INTO YELP_USER_BUSINESS VALUES('Y5', 'B35');
INSERT INTO YELP_USER_BUSINESS VALUES('Y5', 'B8');
INSERT INTO YELP_USER_BUSINESS VALUES('Y6', 'B36');
INSERT INTO YELP_USER_BUSINESS VALUES('Y6', 'B11');
INSERT INTO YELP_USER_BUSINESS VALUES('Y6', 'B2');
INSERT INTO YELP_USER_BUSINESS VALUES('Y6', 'B3');
INSERT INTO YELP_USER_BUSINESS VALUES('Y6', 'B13');
INSERT INTO YELP_USER_BUSINESS VALUES('Y7', 'B13');
INSERT INTO YELP_USER_BUSINESS VALUES('Y7', 'B35');
INSERT INTO YELP_USER_BUSINESS VALUES('Y7', 'B36');
INSERT INTO YELP_USER_BUSINESS VALUES('Y7', 'B11');
INSERT INTO YELP_USER_BUSINESS VALUES('Y7', 'B2');
INSERT INTO YELP_USER_BUSINESS VALUES('Y7', 'B3');
INSERT INTO YELP_USER_BUSINESS VALUES('Y8', 'B11');
INSERT INTO YELP_USER_BUSINESS VALUES('Y8', 'B2');
INSERT INTO YELP_USER_BUSINESS VALUES('Y8', 'B13');
INSERT INTO YELP_USER_BUSINESS VALUES('Y8', 'B35');
INSERT INTO YELP_USER_BUSINESS VALUES('Y8', 'B36');
INSERT INTO YELP_USER_BUSINESS VALUES('Y8', 'B4');
INSERT INTO YELP_USER_BUSINESS VALUES('Y9', 'B5');
INSERT INTO YELP_USER_BUSINESS VALUES('Y9', 'B11');
INSERT INTO YELP_USER_BUSINESS VALUES('Y9', 'B2');
INSERT INTO YELP_USER_BUSINESS VALUES('Y9', 'B13');
INSERT INTO YELP_USER_BUSINESS VALUES('Y9', 'B35');
INSERT INTO YELP_USER_BUSINESS VALUES('Y9', 'B36');
INSERT INTO YELP_USER_BUSINESS VALUES('Y10', 'B1');
INSERT INTO YELP_USER_BUSINESS VALUES('Y10', 'B5');
INSERT INTO YELP_USER_BUSINESS VALUES('Y10', 'B11');
INSERT INTO YELP_USER_BUSINESS VALUES('Y10', 'B2');
INSERT INTO YELP_USER_BUSINESS VALUES('Y10', 'B36');
INSERT INTO YELP_USER_BUSINESS VALUES('Y10', 'B35');
INSERT INTO YELP_USER_BUSINESS VALUES('Y10', 'B3');
INSERT INTO YELP_USER_BUSINESS VALUES('Y11', 'B3');
INSERT INTO YELP_USER_BUSINESS VALUES('Y11', 'B4');
INSERT INTO YELP_USER_BUSINESS VALUES('Y11', 'B1');
INSERT INTO YELP_USER_BUSINESS VALUES('Y11', 'B5');
INSERT INTO YELP_USER_BUSINESS VALUES('Y11', 'B11');
INSERT INTO YELP_USER_BUSINESS VALUES('Y11', 'B2');
INSERT INTO YELP_USER_BUSINESS VALUES('Y11', 'B36');
INSERT INTO YELP_USER_BUSINESS VALUES('Y11', 'B35');
INSERT INTO YELP_USER_BUSINESS VALUES('Y12', 'B7');
INSERT INTO YELP_USER_BUSINESS VALUES('Y12', 'B10');
INSERT INTO YELP_USER_BUSINESS VALUES('Y12', 'B5');
INSERT INTO YELP_USER_BUSINESS VALUES('Y12', 'B11');
INSERT INTO YELP_USER_BUSINESS VALUES('Y12', 'B2');
INSERT INTO YELP_USER_BUSINESS VALUES('Y12', 'B13');
INSERT INTO YELP_USER_BUSINESS VALUES('Y12', 'B35');
INSERT INTO YELP_USER_BUSINESS VALUES('Y12', 'B36');

--BUSINESS
INSERT INTO BUSINESS VALUES('B1', 'BIG SURF', 'TOURISTY', '1500 N MCCLINTOCK DR', 'TEMPE', 'AZ', '85281', 'BCT1');
INSERT INTO BUSINESS VALUES('B2', 'SMITH THOMSON', 'TOURISTY', '1595 SPRING HILL ROAD SUITE 110', 'VIENNA', 'VA', '22182', 'BCT6');
INSERT INTO BUSINESS VALUES('B3', 'BAY AREA COFFEE SHOP', 'TOURISTY', '1522 W. SAM RAYBURN DR.', 'BONHAM', 'CA', '95051','BCT8');
INSERT INTO BUSINESS VALUES('B4', 'CHINA COFFEE TOFFEE', 'TOURISTY', '2570 EL CAMINO REAL', 'SANTA CLARA', 'CA', '95051', 'BCT4');
INSERT INTO BUSINESS VALUES('B5', 'HASTINGS WATER WORKS', NULL, '10331 BRECKSVILLE RD.', 'BRECKSVILLE', 'OH', '44141', 'BCT7');
INSERT INTO BUSINESS VALUES('B6', 'CATCH YOUR BIG BREAK', NULL, '2341 ROOSEVELT CT', 'SANTA CLARA', 'CA', '95051', 'BCT3');
INSERT INTO BUSINESS VALUES('B7', 'THE CINEBAR', NULL, '20285 SOUTH WESTERN AVE. SUITE #200', 'TORRANCE', 'CA', '90501', 'BCT5');
INSERT INTO BUSINESS VALUES('B8', 'COFFEE BAR AND BISTRO', NULL, '2585 EL CAMINO REAL', 'SANTA CLARA', 'CA', NULL, 'BCT5');
INSERT INTO BUSINESS VALUES('B9', 'HOBEES', NULL, '90 SKYPORT DR', 'SAN JOSE', 'CA', '95110', 'BCT6');
INSERT INTO BUSINESS VALUES('B10', 'CAFE GOURMET', NULL, '80 N MARKET ST', 'SAN JOSE', 'CA', '95113', 'BCT6');
INSERT INTO BUSINESS VALUES('B11', 'YELLOW STONE NATIONAL PARK', NULL, 'YELLO STONE NATIONAL PARK', NULL, 'WY', '82190', 'BCT2');
INSERT INTO BUSINESS VALUES('B12', 'PETRIFIED FOREST NATIONAL PARK', NULL, 'P.O. BOX 221', NULL, 'AZ', '860289', 'BCT2');
INSERT INTO BUSINESS VALUES('B13', 'GRAND CANYON NATIONAL PARK', NULL, 'HIGHWAY 64', NULL, 'AZ', '86023', 'BCT2');
INSERT INTO BUSINESS VALUES('B35', 'CONNECTICUT BAR', NULL, '5847 SAN FELIPE, SUITE 2400', 'HOUSTON', 'TX', '77057', 'BCT5');
INSERT INTO BUSINESS VALUES('B36', 'SHERLEYS BAR AND RESTAURANT', NULL, '1132 TERRY ROAD', 'HARTFORD', 'CT', '06105', 'BCT5');
INSERT INTO BUSINESS VALUES('B14', 'CONNECTICUT BAR AND RESTAURANT', NULL, '1133 TERRY ROAD', 'HARTFORD', 'CT', '06105', 'BCT5');

--BUSINESS_DAYS_OF_OP
INSERT INTO BUSINESS_DAYS_OF_OP VALUES('B1','MON');
INSERT INTO BUSINESS_DAYS_OF_OP VALUES('B1','TUE');
INSERT INTO BUSINESS_DAYS_OF_OP VALUES('B1','WED');
INSERT INTO BUSINESS_DAYS_OF_OP VALUES('B2','MON');
INSERT INTO BUSINESS_DAYS_OF_OP VALUES('B2','TUE');
INSERT INTO BUSINESS_DAYS_OF_OP VALUES('B2','WED');
INSERT INTO BUSINESS_DAYS_OF_OP VALUES('B2','THU');
INSERT INTO BUSINESS_DAYS_OF_OP VALUES('B3','MON');
INSERT INTO BUSINESS_DAYS_OF_OP VALUES('B3','TUE');
INSERT INTO BUSINESS_DAYS_OF_OP VALUES('B3','WED');
INSERT INTO BUSINESS_DAYS_OF_OP VALUES('B4','MON');
INSERT INTO BUSINESS_DAYS_OF_OP VALUES('B4','TUE');
INSERT INTO BUSINESS_DAYS_OF_OP VALUES('B4','WED');
INSERT INTO BUSINESS_DAYS_OF_OP VALUES('B5','MON');
INSERT INTO BUSINESS_DAYS_OF_OP VALUES('B5','TUE');
INSERT INTO BUSINESS_DAYS_OF_OP VALUES('B5','WED');
INSERT INTO BUSINESS_DAYS_OF_OP VALUES('B6','MON');
INSERT INTO BUSINESS_DAYS_OF_OP VALUES('B6','TUE');
INSERT INTO BUSINESS_DAYS_OF_OP VALUES('B6','WED');
INSERT INTO BUSINESS_DAYS_OF_OP VALUES('B6','THU');
INSERT INTO BUSINESS_DAYS_OF_OP VALUES('B6','FRI');
INSERT INTO BUSINESS_DAYS_OF_OP VALUES('B6','SAT');
INSERT INTO BUSINESS_DAYS_OF_OP VALUES('B6','SUN');
INSERT INTO BUSINESS_DAYS_OF_OP VALUES('B7','MON');
INSERT INTO BUSINESS_DAYS_OF_OP VALUES('B7','TUE');
INSERT INTO BUSINESS_DAYS_OF_OP VALUES('B7','WED');
INSERT INTO BUSINESS_DAYS_OF_OP VALUES('B7','THU');
INSERT INTO BUSINESS_DAYS_OF_OP VALUES('B8','MON');
INSERT INTO BUSINESS_DAYS_OF_OP VALUES('B8','TUE');
INSERT INTO BUSINESS_DAYS_OF_OP VALUES('B8','WED');
INSERT INTO BUSINESS_DAYS_OF_OP VALUES('B9','MON');
INSERT INTO BUSINESS_DAYS_OF_OP VALUES('B9','TUE');
INSERT INTO BUSINESS_DAYS_OF_OP VALUES('B9','WED');
INSERT INTO BUSINESS_DAYS_OF_OP VALUES('B9','THU');
INSERT INTO BUSINESS_DAYS_OF_OP VALUES('B9','FRI');
INSERT INTO BUSINESS_DAYS_OF_OP VALUES('B10','MON');
INSERT INTO BUSINESS_DAYS_OF_OP VALUES('B10','TUE');
INSERT INTO BUSINESS_DAYS_OF_OP VALUES('B11','MON');
INSERT INTO BUSINESS_DAYS_OF_OP VALUES('B11','FRI');
INSERT INTO BUSINESS_DAYS_OF_OP VALUES('B11','SAT');
INSERT INTO BUSINESS_DAYS_OF_OP VALUES('B11','SUN');
INSERT INTO BUSINESS_DAYS_OF_OP VALUES('B12','MON');
INSERT INTO BUSINESS_DAYS_OF_OP VALUES('B12','TUE');
INSERT INTO BUSINESS_DAYS_OF_OP VALUES('B12','SUN');
INSERT INTO BUSINESS_DAYS_OF_OP VALUES('B13','MON');
INSERT INTO BUSINESS_DAYS_OF_OP VALUES('B13','SAT');
INSERT INTO BUSINESS_DAYS_OF_OP VALUES('B13','SUN');
INSERT INTO BUSINESS_DAYS_OF_OP VALUES('B35','MON');
INSERT INTO BUSINESS_DAYS_OF_OP VALUES('B35','THU');
INSERT INTO BUSINESS_DAYS_OF_OP VALUES('B35','SUN');
INSERT INTO BUSINESS_DAYS_OF_OP VALUES('B36','MON');
INSERT INTO BUSINESS_DAYS_OF_OP VALUES('B36','WED');
INSERT INTO BUSINESS_DAYS_OF_OP VALUES('B36','SUN');
INSERT INTO BUSINESS_DAYS_OF_OP VALUES('B14','MON');
INSERT INTO BUSINESS_DAYS_OF_OP VALUES('B14','WED');
INSERT INTO BUSINESS_DAYS_OF_OP VALUES('B14','SUN');

--REVIEWS
INSERT INTO REVIEWS VALUES ('R1','3','Y11',TO_DATE('OCT-02-07 09:10:54', 'MM-DD-YY hh24:mi:ss'),'B3');
INSERT INTO REVIEWS VALUES ('R2','2','Y10',TO_DATE('SEP-29-07 13:45:00', 'MM-DD-YY hh24:mi:ss'),'B1');
INSERT INTO REVIEWS VALUES ('R3','4','Y2',TO_DATE('SEP-29-07 10:38:25', 'MM-DD-YY hh24:mi:ss'),'B10');
INSERT INTO REVIEWS VALUES ('R4','5','Y11',TO_DATE('OCT-02-07 13:05:56', 'MM-DD-YY hh24:mi:ss'),'B4');
INSERT INTO REVIEWS VALUES ('R5','5','Y1',TO_DATE('OCT-25-07 17:15:00', 'MM-DD-YY hh24:mi:ss'),'B3');
INSERT INTO REVIEWS VALUES ('R6','5','Y4',TO_DATE('SEP-26-07 17:15:00', 'MM-DD-YY hh24:mi:ss'),'B4');
INSERT INTO REVIEWS VALUES ('R7','5','Y9',TO_DATE('SEP-26-07 17:15:00', 'MM-DD-YY hh24:mi:ss'),'B5');
INSERT INTO REVIEWS VALUES ('R8','5','Y5',TO_DATE('SEP-27-07 17:15:00', 'MM-DD-YY hh24:mi:ss'),'B6');
INSERT INTO REVIEWS VALUES ('R9','5','Y12',TO_DATE('SEP-28-07 17:15:00', 'MM-DD-YY hh24:mi:ss'),'B7');
INSERT INTO REVIEWS VALUES ('R10','5','Y5',TO_DATE('OCT-29-07 17:15:00', 'MM-DD-YY hh24:mi:ss'),'B8');
INSERT INTO REVIEWS VALUES ('R11','5','Y1',TO_DATE(' SEP-30-07 17:15:00', 'MM-DD-YY hh24:mi:ss'),'B9');
INSERT INTO REVIEWS VALUES ('R12','5','Y12',TO_DATE('OCT-25-07 17:15:00', 'MM-DD-YY hh24:mi:ss'),'B10');
INSERT INTO REVIEWS VALUES ('R13','5','Y4',TO_DATE('SEP-25-07 17:15:00', 'MM-DD-YY hh24:mi:ss'),'B11');
INSERT INTO REVIEWS VALUES ('R14','5','Y5',TO_DATE('SEP-25-07 17:15:00', 'MM-DD-YY hh24:mi:ss'),'B12');
INSERT INTO REVIEWS VALUES ('R15','5','Y1',TO_DATE('SEP-29-07 17:15:00', 'MM-DD-YY hh24:mi:ss'),'B13');
INSERT INTO REVIEWS VALUES ('R16','2','Y11',TO_DATE('JUN-07-15 17:15:00', 'MM-DD-YY hh24:mi:ss'),'B2');
INSERT INTO REVIEWS VALUES ('R17','1','Y4',TO_DATE('MAY-05-15 17:15:00', 'MM-DD-YY hh24:mi:ss'),'B2');
INSERT INTO REVIEWS VALUES ('R18','1','Y1',TO_DATE('MAY-05-15 17:15:00', 'MM-DD-YY hh24:mi:ss'),'B2');
INSERT INTO REVIEWS VALUES ('R19','1','Y10',TO_DATE('OCT-25-07 17:15:00', 'MM-DD-YY hh24:mi:ss'),'B3');
INSERT INTO REVIEWS VALUES ('R20','1','Y1',TO_DATE('SEP-28-07 17:15:00', 'MM-DD-YY hh24:mi:ss'),'B4');
INSERT INTO REVIEWS VALUES ('R21','6','Y11',TO_DATE('JUN-07-15 17:15:00', 'MM-DD-YY hh24:mi:ss'),'B14');
INSERT INTO REVIEWS VALUES ('R22','3','Y4',TO_DATE('MAY-05-15 17:15:00', 'MM-DD-YY hh24:mi:ss'),'B14');
INSERT INTO REVIEWS VALUES ('R23','3','Y1',TO_DATE('MAY-05-15 17:15:00', 'MM-DD-YY hh24:mi:ss'),'B14');


--REVIEW_COMMENTS
INSERT INTO REVIEW_COMMENTS VALUES('R2','Y2', NULL, NULL);
INSERT INTO REVIEW_COMMENTS VALUES('R2','Y3', NULL, NULL);
INSERT INTO REVIEW_COMMENTS VALUES('R3','Y3', NULL, NULL);
INSERT INTO REVIEW_COMMENTS VALUES('R7','Y8', NULL, NULL);
INSERT INTO REVIEW_COMMENTS VALUES('R7','Y11', NULL, NULL);
INSERT INTO REVIEW_COMMENTS VALUES('R15','Y8', NULL, NULL);
INSERT INTO REVIEW_COMMENTS VALUES('R16','Y8', NULL, NULL);
INSERT INTO REVIEW_COMMENTS VALUES('R20','Y7', NULL, NULL);
INSERT INTO REVIEW_COMMENTS VALUES('R20','Y10', NULL, NULL);

--BUSINESS_CATEGORY
INSERT INTO BUSINESS_CATEGORY VALUES ('BCT1', 'AMUSEMENT PARKS');
INSERT INTO BUSINESS_CATEGORY VALUES ('BCT2', 'NATIONAL PARKS');
INSERT INTO BUSINESS_CATEGORY VALUES ('BCT3', 'CAREER COUNSELING');
INSERT INTO BUSINESS_CATEGORY VALUES ('BCT4', 'FOOD AND MORE');
INSERT INTO BUSINESS_CATEGORY VALUES ('BCT5', 'BARS');
INSERT INTO BUSINESS_CATEGORY VALUES ('BCT6', 'RESTAURENTS');
INSERT INTO BUSINESS_CATEGORY VALUES ('BCT7', 'POOL CLEANERS');
INSERT INTO BUSINESS_CATEGORY VALUES ('BCT8', 'COFFEE SHOPS');

--BUSINESS_CATEGORY_SUBCATEGORY
INSERT INTO BUSINESS_CATEGORY_SUBCATEGORY VALUES('BCT1', 'WATER PARKS');
INSERT INTO BUSINESS_CATEGORY_SUBCATEGORY VALUES('BCT2', 'WILDLIFE NATIONAL PARKS');
INSERT INTO BUSINESS_CATEGORY_SUBCATEGORY VALUES('BCT3', 'CAREER COUNSELING FOR KIDS');
INSERT INTO BUSINESS_CATEGORY_SUBCATEGORY VALUES('BCT4', 'ICE-CREAM');
INSERT INTO BUSINESS_CATEGORY_SUBCATEGORY VALUES('BCT4', 'YOUGURT');
INSERT INTO BUSINESS_CATEGORY_SUBCATEGORY VALUES('BCT5', 'SPORTS BAR');
INSERT INTO BUSINESS_CATEGORY_SUBCATEGORY VALUES('BCT6', 'ICE-CREAM');
INSERT INTO BUSINESS_CATEGORY_SUBCATEGORY VALUES('BCT6', 'YOUGURT');
INSERT INTO BUSINESS_CATEGORY_SUBCATEGORY VALUES('BCT7', 'SWIMMING POOL CLEANERS');
INSERT INTO BUSINESS_CATEGORY_SUBCATEGORY VALUES('BCT8', 'COLD COFFEE SHOPS');

--CHECK_IN
INSERT INTO CHECK_IN VALUES('1','CHECKIN INFO 1','B1');
INSERT INTO CHECK_IN VALUES('2','CHECKIN INFO 2','B2');
INSERT INTO CHECK_IN VALUES('3','CHECKIN INFO 3','B3');
INSERT INTO CHECK_IN VALUES('4','CHECKIN INFO 4','B4');
INSERT INTO CHECK_IN VALUES('5','CHECKIN INFO 5','B5');
INSERT INTO CHECK_IN VALUES('6','CHECKIN INFO 6','B6');
INSERT INTO CHECK_IN VALUES('7','CHECKIN INFO 7','B7');
INSERT INTO CHECK_IN VALUES('8','CHECKIN INFO 8','B8');
INSERT INTO CHECK_IN VALUES('9','CHECKIN INFO 9','B9');
INSERT INTO CHECK_IN VALUES('10','CHECKIN INFO 10','B10');
INSERT INTO CHECK_IN VALUES('11','CHECKIN INFO 11','B11');
INSERT INTO CHECK_IN VALUES('12','CHECKIN INFO 12','B12');
INSERT INTO CHECK_IN VALUES('13','CHECKIN INFO 13','B13');
INSERT INTO CHECK_IN VALUES('14','CHECKIN INFO 14','B14');
INSERT INTO CHECK_IN VALUES('35','CHECKIN INFO 35','B35');
INSERT INTO CHECK_IN VALUES('36','CHECKIN INFO 36','B36');

CREATE TABLE REVIEW_SHORT_VID
( REVIEW_ID VARCHAR(4)
, SHORT_VID VARCHAR(20)
, PRIMARY KEY(REVIEW_ID, SHORT_VID)
, FOREIGN KEY (REVIEW_ID) REFERENCES REVIEWS ON DELETE CASCADE
);

CREATE TABLE REVIEW_TEXTUAL_CONTENT_TEXT
( REVIEW_ID VARCHAR(4)
, TEXT VARCHAR(20)
, PRIMARY KEY(REVIEW_ID, TEXT)
, FOREIGN KEY (REVIEW_ID) REFERENCES REVIEWS ON DELETE CASCADE
);

CREATE TABLE REVIEW_TEXTUAL_CONTENT_PHOTO
( REVIEW_ID VARCHAR(4)
, PHOTO VARCHAR(20)
, PRIMARY KEY(REVIEW_ID, PHOTO)
, FOREIGN KEY (REVIEW_ID) REFERENCES REVIEWS ON DELETE CASCADE
);

CREATE TABLE REVIEW_VOTES_USEFUL
( REVIEW_ID VARCHAR(4)
, REVIEW_VOTES_USEFUL VARCHAR(2)
, PRIMARY KEY(REVIEW_ID, REVIEW_VOTES_USEFUL)
, FOREIGN KEY (REVIEW_ID) REFERENCES REVIEWS ON DELETE CASCADE
);

CREATE TABLE REVIEW_VOTES_NON_USEFUL
( REVIEW_ID VARCHAR(4)
, REVIEW_VOTES_NON_USEFUL VARCHAR(2)
, PRIMARY KEY(REVIEW_ID, REVIEW_VOTES_NON_USEFUL)
, FOREIGN KEY (REVIEW_ID) REFERENCES REVIEWS ON DELETE CASCADE
);

CREATE TABLE PHOTO
( PHOTO_ID VARCHAR(4)
, DESCRIPTION VARCHAR(50)
, LOCATION VARCHAR(20)
, PRIMARY KEY(PHOTO_ID)
);

CREATE TABLE PHOTO_BUSINESS
(PHOTO_ID VARCHAR(4)
,PHOTO VARCHAR(4)
,PRIMARY KEY(PHOTO_ID, PHOTO)
,FOREIGN KEY (PHOTO_ID) REFERENCES PHOTO ON DELETE CASCADE
);

CREATE TABLE PHOTO_PERSONAL
(PHOTO_ID VARCHAR(4)
,PHOTO VARCHAR(4)
,PRIMARY KEY(PHOTO_ID, PHOTO)
,FOREIGN KEY (PHOTO_ID) REFERENCES PHOTO ON DELETE CASCADE
);

CREATE TABLE ACTIVITY_WALL
(ACTIVITY_WALL_ID VARCHAR(4)
,PRIMARY KEY (ACTIVITY_WALL_ID)
);
